{
  "code": 200,
  "msg": "success",
  "result":[
    {
      "idFirstDep":0,
      "nmFirstDep":"内科",
      "content":[
        {
          "idSecondDep":101,
          "nmSecondDep":"心肺内科",
          "commonDisease":[
            {
              "idDisease":301,
              "nmDisease":"高血压"
            },
            {
              "idDisease":302,
              "nmDisease":"糖尿病"
            },
            {
              "idDisease":303,
              "nmDisease":"感冒"
            },
            {
              "idDisease":304,
              "nmDisease":"近视"
            },
            {
              "idDisease":305,
              "nmDisease":"白内障"
            }
          ]
        },
        {
          "idSecondDep":2,
          "nmSecondDep":"小儿内科",
          "commonDisease":[
            {
              "idDisease":401,
              "nmDisease":"糖尿病"
            },
            {
              "idDisease":402,
              "nmDisease":"高血压"
            },
            {
              "idDisease":403,
              "nmDisease":"感冒"
            },
            {
              "idDisease":404,
              "nmDisease":"近视"
            },
            {
              "idDisease":405,
              "nmDisease":"白内障"
            }
          ]
        }
      ]
    },
    {
      "idFirstDep":1,
      "nmFirstDep":"外科",
      "content":[
        {
          "idSecondDep":201,
          "nmSecondDep":"心肺外科",
          "commonDisease":[
            {
              "idDisease":501,
              "nmDisease":"血压"
            },
            {
              "idDisease":502,
              "nmDisease":"糖尿病"
            }
          ]
        },
        {
          "idSecondDep":202,
          "nmSecondDep":"小儿外科",
          "commonDisease":[
            {
              "idDisease":401,
              "nmDisease":"小儿压"
            },
            {
              "idDisease":402,
              "nmDisease":"糖尿病"
            },
            {
              "idDisease":403,
              "nmDisease":"感冒"
            }
          ]
        },
				 {
				  "idSecondDep":202,
				  "nmSecondDep":"小儿外科",
				  "commonDisease":[
				    {
				      "idDisease":401,
				      "nmDisease":"小儿压"
				    },
				    {
				      "idDisease":402,
				      "nmDisease":"糖尿病"
				    },
				    {
				      "idDisease":403,
				      "nmDisease":"感冒"
				    }
				  ]
				}
      ]
    },
    {
      "idFirstDep":2,
      "nmFirstDep":"儿科",
      "content":[
        {
          "idSecondDep":201,
          "nmSecondDep":"心肺外科",
          "commonDisease":[
            {
              "idDisease":501,
              "nmDisease":"血压"
            },
            {
              "idDisease":502,
              "nmDisease":"糖尿病"
            }
          ]
        },
        {
          "idSecondDep":202,
          "nmSecondDep":"小儿外科",
          "commonDisease":[
            {
              "idDisease":401,
              "nmDisease":"小儿压"
            },
            {
              "idDisease":402,
              "nmDisease":"糖尿病"
            },
            {
              "idDisease":403,
              "nmDisease":"感冒"
            }
          ]
        },
        {
          "idSecondDep":202,
          "nmSecondDep":"小儿外科",
          "commonDisease":[
            {
              "idDisease":401,
              "nmDisease":"小儿压"
            },
            {
              "idDisease":402,
              "nmDisease":"糖尿病"
            },
            {
              "idDisease":403,
              "nmDisease":"感冒"
            }
          ]
        }
      ]
    },
    {
      "idFirstDep":3,
      "nmFirstDep":"妇产科",
      "content":[
        {
          "idSecondDep":201,
          "nmSecondDep":"心肺外科",
          "commonDisease":[
            {
              "idDisease":501,
              "nmDisease":"血压"
            },
            {
              "idDisease":502,
              "nmDisease":"糖尿病"
            }
          ]
        },
        {
          "idSecondDep":202,
          "nmSecondDep":"小儿外科",
          "commonDisease":[
            {
              "idDisease":401,
              "nmDisease":"小儿压"
            },
            {
              "idDisease":402,
              "nmDisease":"糖尿病"
            },
            {
              "idDisease":403,
              "nmDisease":"感冒"
            }
          ]
        },
        {
          "idSecondDep":202,
          "nmSecondDep":"小儿外科",
          "commonDisease":[
            {
              "idDisease":401,
              "nmDisease":"小儿压"
            },
            {
              "idDisease":402,
              "nmDisease":"糖尿病"
            },
            {
              "idDisease":403,
              "nmDisease":"感冒"
            }
          ]
        }
      ]
    },
    {
      "idFirstDep":4,
      "nmFirstDep":"耳鼻喉科",
      "content":[
        {
          "idSecondDep":201,
          "nmSecondDep":"心肺外科",
          "commonDisease":[
            {
              "idDisease":501,
              "nmDisease":"血压"
            },
            {
              "idDisease":502,
              "nmDisease":"糖尿病"
            }
          ]
        },
        {
          "idSecondDep":202,
          "nmSecondDep":"小儿外科",
          "commonDisease":[
            {
              "idDisease":401,
              "nmDisease":"小儿压"
            },
            {
              "idDisease":402,
              "nmDisease":"糖尿病"
            },
            {
              "idDisease":403,
              "nmDisease":"感冒"
            }
          ]
        },
        {
          "idSecondDep":202,
          "nmSecondDep":"小儿外科",
          "commonDisease":[
            {
              "idDisease":401,
              "nmDisease":"小儿压"
            },
            {
              "idDisease":402,
              "nmDisease":"糖尿病"
            },
            {
              "idDisease":403,
              "nmDisease":"感冒"
            }
          ]
        }
      ]
    },
    {
      "idFirstDep":5,
      "nmFirstDep":"骨科",
      "content":[
        {
          "idSecondDep":201,
          "nmSecondDep":"心肺外科",
          "commonDisease":[
            {
              "idDisease":501,
              "nmDisease":"血压"
            },
            {
              "idDisease":502,
              "nmDisease":"糖尿病"
            }
          ]
        },
        {
          "idSecondDep":202,
          "nmSecondDep":"小儿外科",
          "commonDisease":[
            {
              "idDisease":401,
              "nmDisease":"小儿压"
            },
            {
              "idDisease":402,
              "nmDisease":"糖尿病"
            },
            {
              "idDisease":403,
              "nmDisease":"感冒"
            }
          ]
        },
        {
          "idSecondDep":202,
          "nmSecondDep":"小儿外科",
          "commonDisease":[
            {
              "idDisease":401,
              "nmDisease":"小儿压"
            },
            {
              "idDisease":402,
              "nmDisease":"糖尿病"
            },
            {
              "idDisease":403,
              "nmDisease":"感冒"
            }
          ]
        }
      ]
    },
    {
      "idFirstDep":6,
      "nmFirstDep":"眼科",
      "content":[
        {
          "idSecondDep":201,
          "nmSecondDep":"心肺外科",
          "commonDisease":[
            {
              "idDisease":501,
              "nmDisease":"血压"
            },
            {
              "idDisease":502,
              "nmDisease":"糖尿病"
            }
          ]
        },
        {
          "idSecondDep":202,
          "nmSecondDep":"小儿外科",
          "commonDisease":[
            {
              "idDisease":401,
              "nmDisease":"小儿压"
            },
            {
              "idDisease":402,
              "nmDisease":"糖尿病"
            },
            {
              "idDisease":403,
              "nmDisease":"感冒"
            }
          ]
        },
        {
          "idSecondDep":202,
          "nmSecondDep":"小儿外科",
          "commonDisease":[
            {
              "idDisease":401,
              "nmDisease":"小儿压"
            },
            {
              "idDisease":402,
              "nmDisease":"糖尿病"
            },
            {
              "idDisease":403,
              "nmDisease":"感冒"
            }
          ]
        }
      ]
    },
    {
      "idFirstDep":7,
      "nmFirstDep":"口腔科",
      "content":[
        {
          "idSecondDep":201,
          "nmSecondDep":"心肺外科",
          "commonDisease":[
            {
              "idDisease":501,
              "nmDisease":"血压"
            },
            {
              "idDisease":502,
              "nmDisease":"糖尿病"
            }
          ]
        },
        {
          "idSecondDep":202,
          "nmSecondDep":"小儿外科",
          "commonDisease":[
            {
              "idDisease":401,
              "nmDisease":"小儿压"
            },
            {
              "idDisease":402,
              "nmDisease":"糖尿病"
            },
            {
              "idDisease":403,
              "nmDisease":"感冒"
            }
          ]
        },
        {
          "idSecondDep":202,
          "nmSecondDep":"小儿外科",
          "commonDisease":[
            {
              "idDisease":401,
              "nmDisease":"小儿压"
            },
            {
              "idDisease":402,
              "nmDisease":"糖尿病"
            },
            {
              "idDisease":403,
              "nmDisease":"感冒"
            }
          ]
        }
      ]
    },
    {
      "idFirstDep":8,
      "nmFirstDep":"其他科室",
      "content":[
        {
          "idSecondDep":201,
          "nmSecondDep":"心肺外科",
          "commonDisease":[
            {
              "idDisease":501,
              "nmDisease":"血压"
            },
            {
              "idDisease":502,
              "nmDisease":"糖尿病"
            }
          ]
        },
        {
          "idSecondDep":202,
          "nmSecondDep":"小儿外科",
          "commonDisease":[
            {
              "idDisease":401,
              "nmDisease":"小儿压"
            },
            {
              "idDisease":402,
              "nmDisease":"糖尿病"
            },
            {
              "idDisease":403,
              "nmDisease":"感冒"
            }
          ]
        },
        {
          "idSecondDep":202,
          "nmSecondDep":"小儿外科",
          "commonDisease":[
            {
              "idDisease":401,
              "nmDisease":"小儿压"
            },
            {
              "idDisease":402,
              "nmDisease":"糖尿病"
            },
            {
              "idDisease":403,
              "nmDisease":"感冒"
            }
          ]
        }
      ]
    }
  ]
}