{
  "code": 200,
  "msg": "success",
  "result":[
    {
      "first_Department_Id":0,
      "first_Department_Name":"内科",
      "content":[
        {
          "second_Department_Id":101,
          "second_Department_Name":"心肺内科",
          "common_Disease":[
            {
              "ID_Disease":301,
              "NM_Disease":"高血压"
            },
            {
              "ID_Disease":302,
              "NM_Disease":"糖尿病"
            },
            {
              "ID_Disease":303,
              "NM_Disease":"感冒"
            },
            {
              "ID_Disease":304,
              "NM_Disease":"近视"
            },
            {
              "ID_Disease":305,
              "NM_Disease":"白内障"
            }
          ]
        },
        {
          "second_Department_Id":2,
          "second_Department_Name":"小儿内科",
          "common_Disease":[
            {
              "ID_Disease":401,
              "NM_Disease":"糖尿病"
            },
            {
              "ID_Disease":402,
              "NM_Disease":"高血压"
            },
            {
              "ID_Disease":403,
              "NM_Disease":"感冒"
            },
            {
              "ID_Disease":404,
              "NM_Disease":"近视"
            },
            {
              "ID_Disease":405,
              "NM_Disease":"白内障"
            }
          ]
        }
      ]
    },
    {
      "first_Department_Id":1,
      "first_Department_Name":"外科",
      "content":[
        {
          "second_Department_Id":201,
          "second_Department_Name":"心肺外科",
          "common_Disease":[
            {
              "ID_Disease":501,
              "NM_Disease":"高血压"
            },
            {
              "ID_Disease":502,
              "NM_Disease":"糖尿病"
            }
          ]
        },
        {
          "second_Department_Id":202,
          "second_Department_Name":"小儿外科",
          "common_Disease":[
            {
              "ID_Disease":401,
              "NM_Disease":"高血压"
            },
            {
              "ID_Disease":402,
              "NM_Disease":"糖尿病"
            },
            {
              "ID_Disease":403,
              "NM_Disease":"感冒"
            }
          ]
        }
      ]
    }
  ]
}