{
  "code": 200,
  "msg": "success",
  "result":[
    {
      "idDoctor":1,
      "nmDoctor":"张黎",
      "headPortrait":"images/touxiang.png",
      "idSecondDep":101,
      "nmSecondDep":"心血管内科",
      "jobInfor":"主任医师",
      "Score":9.6,
      "followed":0,
      "fieldMain":"各种常见斜视手的微验配；各种复杂遗传性眼底病"
    },
	  {
		  "idDoctor":2,
		  "nmDoctor":"王五",
		  "headPortrait":"images/touxiang.png",
		  "idSecondDep":102,
		  "nmSecondDep":"心血管外科",
		  "jobInfor":"副主任医师",
		  "Score":9.3,
		  "followed":1,
		  "fieldMain":"各种常见斜视手的微验配；各种复杂遗传性眼底病"
	  },
	  {
		  "idDoctor":2,
		  "nmDoctor":"王五",
		  "headPortrait":"images/touxiang.png",
		  "idSecondDep":102,
		  "nmSecondDep":"心血管外科",
		  "jobInfor":"副主任医师",
		  "Score":9.3,
		  "followed":1,
		  "fieldMain":"各种常见斜视手的微验配；各种复杂遗传性眼底病"
	  },
	  {
		  "idDoctor":2,
		  "nmDoctor":"王五",
		  "headPortrait":"images/touxiang.png",
		  "idSecondDep":102,
		  "nmSecondDep":"心血管外科",
		  "jobInfor":"副主任医师",
		  "Score":9.3,
		  "followed":1,
		  "fieldMain":"各种常见斜视手的微验配；各种复杂遗传性眼底病"
	  },
	  {
		  "idDoctor":2,
		  "nmDoctor":"王五",
		  "headPortrait":"images/touxiang.png",
		  "idSecondDep":102,
		  "nmSecondDep":"心血管外科",
		  "jobInfor":"副主任医师",
		  "Score":9.3,
		  "followed":1,
		  "fieldMain":"各种常见斜视手的微验配；各种复杂遗传性眼底病"
	  },
	  {
		  "idDoctor":2,
		  "nmDoctor":"王五",
		  "headPortrait":"images/touxiang.png",
		  "idSecondDep":102,
		  "nmSecondDep":"心血管外科",
		  "jobInfor":"副主任医师",
		  "Score":9.3,
		  "followed":1,
		  "fieldMain":"各种常见斜视手的微验配；各种复杂遗传性眼底病"
	  },
	  {
		  "idDoctor":2,
		  "nmDoctor":"王五",
		  "headPortrait":"images/touxiang.png",
		  "idSecondDep":102,
		  "nmSecondDep":"心血管外科",
		  "jobInfor":"副主任医师",
		  "Score":9.3,
		  "followed":1,
		  "fieldMain":"各种常见斜视手的微验配；各种复杂遗传性眼底病"
	  },
	  {
		  "idDoctor":2,
		  "nmDoctor":"王五",
		  "headPortrait":"images/touxiang.png",
		  "idSecondDep":102,
		  "nmSecondDep":"心血管外科",
		  "jobInfor":"副主任医师",
		  "Score":9.3,
		  "followed":1,
		  "fieldMain":"各种常见斜视手的微验配；各种复杂遗传性眼底病"
	  }
  ]
}