{
	"morelink": "http://www.baidu.com",
	"imglink": "images/yi1.png",
	"contentlink": "http://www.baidu.com",
	"contentopic": "3•20 “世界口腔健康日” 关注口腔健康",
	"contentintroduce": "发烧是宝宝成长过程中最常见的疾 病， 作为爸妈既心疼又着急！ 民间的土办法说：发烧只要“捂出汗”就好了我们从小没少被妈妈这.. <span>[详细]</span>",
	"zixun": [{
		"content1link": "http://www.baidu.com",
		"content1con": "3•20 “世界口腔健康日” 关注口腔健康",
		"content1date": "2018-12-11"
	},
	{
			"content1link": "http://www.baidu.com",
			"content1con": "2019老廖说#互联怎么联，长跑怎么跑",
			"content1date": "2018-12-11"
	},
		
	{
				"content1link": "http://www.baidu.com",
				"content1con": "3•20 “世界口腔健康日” 关注口腔健康",
				"content1date": "2018-12-11"
	},
			
	{
					"content1link": "http://www.baidu.com",
					"content1con": "3•20 “世界口腔健康日” 关注口腔健康",
					"content1date": "2018-12-11"
	},
	{
			"content1link": "http://www.baidu.com",
			"content1con": "3•20 “世界口腔健康日” 关注口腔健康",
			"content1date": "2018-12-11"
	},
	{
			"content1link": "http://www.baidu.com",
			"content1con": "3•20 “世界口腔健康日” 关注口腔健康",
			"content1date": "2018-12-11"
	}
	]
}
